Dataset,Method,#machine,#gpu_per_machine,Number of GPUs,Training Throughput (epochs/s),Epoch Time (s),d_comp,s_comp,communication,-,-
OGB-Arxiv,CAGNET_base,1,1,1,15.3163,0.0653,0.0066,0.0483,0.0006,,
OGB-Arxiv,CAGNET_base,1,2,2,11.9159,0.0839,0.0039,0.0459,0.0264,,
OGB-Arxiv,CAGNET_base,2,2,4,7.386,0.1354,0.0023,0.058,0.067,,
OGB-Arxiv,CAGNET_base,4,2,8,1.8148,0.551,0.0015,0.4263,0.1104,,
Reddit,CAGNET_base,1,1,1,0.2113,4.7322,0.0241,4.6903,0.0007,,
Reddit,CAGNET_base,1,2,2,0.4037,2.4769,0.0132,2.3781,0.0733,,
Reddit,CAGNET_base,2,2,4,0.8098,1.2349,0.007,1.0335,0.1834,,
Reddit,CAGNET_base,4,2,8,1.4182,0.7051,0.0039,0.4438,0.2433,,
OGB-Products,CAGNET_base,1,1,1,0,0,0,0,0,,
OGB-Products,CAGNET_base,1,2,2,0.667,1.4992,0.0422,1.0993,0.3101,,
OGB-Products,CAGNET_base,2,2,4,0.639,1.5649,0.0216,0.761,0.744,,
OGB-Products,CAGNET_base,4,2,8,0.5922,1.6887,0.0124,0.6501,0.9868,,
OGB-MAG,CAGNET_base,1,1,1,2.2305,0.4483,0.0726,0.0033,0.0006,,
OGB-MAG,CAGNET_base,1,2,2,1.7208,0.5811,0.0362,0.2935,0.1848,,
OGB-MAG,CAGNET_base,2,2,4,1.2855,0.7779,0.0185,0.3063,0.4529,,
OGB-MAG,CAGNET_base,4,2,8,1.0212,0.9792,0.0094,0.2732,0.5611,,
Web-Google,CAGNET_base,1,1,1,3.0752,0.3252,0.0509,0.2107,0.0006,,
Web-Google,CAGNET_base,1,2,2,2.7903,0.3584,0.0318,0.1332,0.1565,,
Web-Google,CAGNET_base,2,2,4,1.3111,0.7627,0.0165,0.3434,0.3771,,
Web-Google,CAGNET_base,4,2,8,1.2394,0.8068,0.009,0.3133,0.461,,
Com-Orkut,CAGNET_base,1,1,1,0,0,0,0,0,,
Com-Orkut,CAGNET_base,1,2,2,0.6595,1.5164,0.0574,0.9332,0.4123,,
Com-Orkut,CAGNET_base,2,2,4,0.5528,1.8089,0.0292,0.694,1.0102,,
Com-Orkut,CAGNET_base,4,2,8,0.5621,1.7791,0.0154,0.5033,1.2018,,
OGB-Arxiv,CAGNET_1.5D,1,1,1,14.4155,0.0694,0.0051,0.0477,0.0023,,
OGB-Arxiv,CAGNET_1.5D,1,2,2,7.7129,0.1297,0.0056,0,0.1153,,
OGB-Arxiv,CAGNET_1.5D,2,2,4,11.5739,0.0864,0.003,0.0247,0.0511,,
OGB-Arxiv,CAGNET_1.5D,4,2,8,9.5749,0.1044,0.0017,0.0292,0.0686,,
Reddit,CAGNET_1.5D,1,1,1,0.2104,4.7539,0.023,4.6941,0.0011,,
Reddit,CAGNET_1.5D,1,2,2,0.1838,5.4393,0.0253,0,5.3998,,
Reddit,CAGNET_1.5D,2,2,4,0.7165,1.3956,0.0127,1.2173,0.1484,,
Reddit,CAGNET_1.5D,4,2,8,1.3453,0.7433,0.0065,0.5295,0.1966,,
OGB-Products,CAGNET_1.5D,1,1,1,0,0,0,0,0,,
OGB-Products,CAGNET_1.5D,1,2,2,0,0,0,0,0,,
OGB-Products,CAGNET_1.5D,2,2,4,0.6826,1.465,0.0354,0.6985,0.6453,,
OGB-Products,CAGNET_1.5D,4,2,8,0.8036,1.2445,0.0179,0.4817,0.7448,,
OGB-MAG,CAGNET_1.5D,1,1,1,2.1347,0.4684,0.0623,0.2521,0.0109,,
OGB-MAG,CAGNET_1.5D,1,2,2,1.3374,0.7477,0.0622,0,0.6198,,
OGB-MAG,CAGNET_1.5D,2,2,4,1.5324,0.6526,0.0314,0.0841,0.507,,
OGB-MAG,CAGNET_1.5D,4,2,8,1.5648,0.6391,0.0159,0.0752,0.5154,,
Web-Google,CAGNET_1.5D,1,1,1,2.6433,0.3783,0.0506,0.2107,0.0008,,
Web-Google,CAGNET_1.5D,1,2,2,1.576,0.6345,0.0506,0,0.5286,,
Web-Google,CAGNET_1.5D,2,2,4,1.9814,0.5047,0.0255,0.0811,0.3394,,
Web-Google,CAGNET_1.5D,4,2,8,1.5607,0.6407,0.013,0.1549,0.4466,,
Com-Orkut,CAGNET_1.5D,1,1,1,0,0,0,0,0,,
Com-Orkut,CAGNET_1.5D,1,2,2,0.6385,1.5662,0.0491,0.7118,0.6268,,
Com-Orkut,CAGNET_1.5D,2,2,4,0.5636,1.7743,0.0491,0.696,0.8714,,
Com-Orkut,CAGNET_1.5D,4,2,8,0.6148,1.6266,0.0248,0.2992,1.2211,,
Reddit,DGCL,1,1,1,0.828,1.2078,0,0,0,,
Reddit,DGCL,1,2,2,1.2284,0.8141,0,0,0,,
Reddit,DGCL,2,2,4,1.0556,0.9473,0,0,0,,
Reddit,DGCL,4,2,8,1.0702,0.9344,0,0,0,,
Web-Google,DGCL,1,1,1,2.9038,0.3444,0,0,0,,
Web-Google,DGCL,1,2,2,3.7893,0.2639,0,0,0,,
Web-Google,DGCL,2,2,4,1.7235,0.5802,0,0,0,,
Web-Google,DGCL,4,2,8,1.2935,0.7731,0,0,0,,
Com-Orkut,DGCL,1,1,1,0,0,0,0,0,,
Com-Orkut,DGCL,1,2,2,0.3795,2.635,0,0,0,,
Com-Orkut,DGCL,2,2,4,0.1578,6.3364,0,0,0,,
Com-Orkut,DGCL,4,2,8,0.1194,8.3784,0,0,0,,
OGB-Arxiv,DGCL,1,1,1,23.5849,0.0424,0,0,0,,
OGB-Arxiv,DGCL,1,2,2,4.3783,0.2284,0,0,0,,
OGB-Arxiv,DGCL,2,2,4,3.1289,0.3196,0,0,0,,
OGB-Arxiv,DGCL,4,2,8,2.1556,0.4639,0,0,0,,
OGB-Products,DGCL,1,1,1,0,0,0,0,0,,
OGB-Products,DGCL,1,2,2,0.6611,1.5127,0,0,0,,
OGB-Products,DGCL,2,2,4,0.444,2.2524,0,0,0,,
OGB-Products,DGCL,4,2,8,0.303,3.3006,0,0,0,,
OGB-MAG,DGCL,1,1,1,0,0,0,0,0,,
OGB-MAG,DGCL,1,2,2,0.3438,2.9087,0,0,0,,
OGB-MAG,DGCL,2,2,4,0.258,3.8754,0,0,0,,
OGB-MAG,DGCL,4,2,8,0.2134,4.6867,0,0,0,,
OGB-Arxiv,Ours,1,1,1,16.72240803,0.0598,0.0046,0.0423,0.0032,sdsd,
OGB-Arxiv,Ours,1,2,2,14.6627566,0.0682,0.0026,0.0259,0.0137,sdsd,
OGB-Arxiv,Ours,2,2,4,15.47987616,0.0646,0.0017,0.0128,0.0256,sdsd,
OGB-Arxiv,Ours,4,2,8,17.95332136,0.0557,0.002,0.0104,0.02,sdsd,
Reddit,Ours,1,1,1,0.7805182641,1.2812,0.0232,2.0185,0.0066,ddss,
Reddit,Ours,1,2,2,1.486988848,0.6725,0.0105,0.6201,0.03,ddss,
Reddit,Ours,2,2,4,2.916134329,0.3429,0.0055,0.2772,0.0528,ddss,
Reddit,Ours,4,2,8,3.645643456,0.2743,0.0036,0.2665,0.0322,dsds,
OGB-Products,Ours,1,1,1,0,0,0,0,0,,
OGB-Products,Ours,1,2,2,0.7144388083,1.3997,0.0356,1.0303,0.2735,dsds,sdsd-oom
OGB-Products,Ours,2,2,4,1.06084982,0.9426,0.0162,0.5735,0.3048,sdsd,
OGB-Products,Ours,4,2,8,1.674480911,0.5972,0.0086,0.3342,0.2142,sdsd,
OGB-MAG,Ours,1,1,1,3.54861604,0.2818,0.0566,0.1298,0.0212,dsds,
OGB-MAG,Ours,1,2,2,4.859086492,0.2058,0.0281,0.0635,0.073,dsds,
OGB-MAG,Ours,2,2,4,5.327650506,0.1877,0.0144,0.0277,0.1238,dsds,
OGB-MAG,Ours,4,2,8,7.917656374,0.1263,0.0076,0.0213,0.0837,dsds,
Web-Google,Ours,1,1,1,3.523608175,0.2838,0.0509,0.1309,0.0261,dsds,
Web-Google,Ours,1,2,2,4.535147392,0.2205,0.0259,0.0647,0.0902,dsds,
Web-Google,Ours,2,2,4,4.625346901,0.2162,0.0133,0.0282,0.1529,dsds,
Web-Google,Ours,4,2,8,6.925207756,0.1444,0.0071,0.0217,0.1024,dsds,
Com-Orkut,Ours,1,1,1,0,0,0,0,0,,
Com-Orkut,Ours,1,2,2,0.6650262685,1.5037,0.0615,0.9097,0.3838,dsds,
Com-Orkut,Ours,2,2,4,1.031778787,0.9692,0.0252,0.361,0.5131,dsds,
Com-Orkut,Ours,4,2,8,1.369339185,0.7302792549,0.01296553612,0.3422830105,0.3416994095,dsds,
